,title,score,id,subreddit,url,num_comments,body,created
0,ğŸ˜„,1,nmw82q,ronaldo,https://youtu.be/pZzOUTPe09M,2,,1622231781.0
1,Ronaldos Long Shot Goal With Manchester United Was just phenomenal!,4,nk9uwn,ronaldo,https://www.youtube.com/watch?v=buZ6l4vT6T0,2,,1621923138.0
2,"Vibe with Ronaldo, ğŸ¶ğŸ•ºğŸ•ºğŸµ",5,njwe7j,ronaldo,https://youtu.be/U0GhBB8at7o,0,,1621886709.0
3,Ronaldos ridiculous car collection,5,njkkem,ronaldo,https://youtu.be/55Rp74z3ZSE,1,,1621842577.0
4,Me trying to figure out who has to lose and who has to win in order for Ronaldo to go into the champions league.,5,nhsjng,ronaldo,https://www.reddit.com/r/ronaldo/comments/nhsjng/me_trying_to_figure_out_who_has_to_lose_and_who/,0,"&#x200B;

https://preview.redd.it/4yhojqlx6h071.png?width=2324&format=png&auto=webp&s=790072afb66ffd5b692061da482c2abc1714b53b",1621632540.0
5,ğ—œğ—–ğ—¢ğ—¡ğ—œğ—– ğ—–ğ—¥ğ—œğ—¦ğ—§ğ—œğ—”ğ—¡ğ—¢ ğ—¥ğ—¢ğ—¡ğ—”ğ—Ÿğ——ğ—¢ ğ˜ˆ ğ˜®ğ˜°ğ˜¯ğ˜µğ˜¢ğ˜¨ğ˜¦ ğ˜µğ˜° ğ˜³ğ˜¦ğ˜·ğ˜ªğ˜¦ğ˜¸ ğ˜µğ˜©ğ˜¦ ğ˜³ğ˜¦ğ˜®ğ˜¢ğ˜³ğ˜¬ğ˜¢ğ˜£ğ˜­ğ˜¦ ğ˜­ğ˜¦ğ˜¨ğ˜¢ğ˜¤ğ˜º ğ˜°ğ˜§ ğ˜µğ˜©ğ˜¦ ğ˜’ğ˜ªğ˜¯ğ˜¨ ğ˜¸ğ˜©ğ˜° ğ˜©ğ˜¢ğ˜´ ğ˜£ğ˜¦ğ˜¦ğ˜¯ ğ˜³ğ˜¶ğ˜­ğ˜ªğ˜¯ğ˜¨ ğ˜µğ˜©ğ˜¦ ğ˜±ğ˜ªğ˜µğ˜¤ğ˜© ğ˜§ğ˜°ğ˜³ ğ˜ºğ˜¦ğ˜¢ğ˜³ğ˜´. ğ˜ğ˜¦ğ˜­ğ˜¤ğ˜°ğ˜®ğ˜¦ ğ˜°ğ˜¶ğ˜³ ğ˜ğ˜¢ğ˜·ğ˜°ğ˜¶ğ˜³ğ˜ªğ˜µğ˜¦. ğ˜›ğ˜©ğ˜¦ ğ˜”ğ˜¢ğ˜¦ğ˜´ğ˜µğ˜³ğ˜°.,8,nh3o8n,ronaldo,https://v.redd.it/jg4jnb3rg9071,0,,1621554477.0
6,Cr7 win the copa italia championship ğŸ†,6,ngow42,ronaldo,https://i.redd.it/jjmbtrjax6071.jpg,0,,1621508225.0
7,Cristiano Ronaldo- The journey of a GOAT - Episode 1,3,ngdm60,ronaldo,https://www.reddit.com/r/ronaldo/comments/ngdm60/cristiano_ronaldo_the_journey_of_a_goat_episode_1/,0,[https://youtu.be/u0PtzTgf2Hg](https://youtu.be/u0PtzTgf2Hg),1621478612.0
8,Cristiano Ronaldo 2021 | Amazing Skills & Goals | HD,7,nfn9ql,ronaldo,https://www.youtube.com/watch?v=FT8ZYx4RS04,0,,1621403216.0
9,All 100 Goals Of RONALDO In JUVENTUS,4,nd3k6n,ronaldo,https://youtu.be/PJuhMY35NRM,0,,1621127347.0
10,Itâ€™s a good day boys we all listening to this. https://music.apple.com/in/album/777/1506574436?i=1506574818. 777,2,nd5wrf,ronaldo,https://i.redd.it/ovxhbmwb0cz61.jpg,0,,1621133930.0
11,Google Poll: Top Soccer Player in History,4,ncefm0,ronaldo,https://posts.google.com/share/zhEJGxr6/mm_2f9,0,,1621043005.0
12,7â­,10,nb7un8,ronaldo,https://v.redd.it/njto5ksc9ty61,0,,1620906949.0
13,Ronaldo Lifestyle,2,nattje,ronaldo,https://youtu.be/sms2MURbhhw,0,,1620868078.0
14,Maradona Blessed Dream Teaser Trailer Prime Video / AI Upscale 8k,3,n9441b,ronaldo,https://youtu.be/w5mUYWG2RN8,0,,1620681136.0
15,Drawing of Cristiano Ronaldo,10,n50tx1,ronaldo,https://www.reddit.com/gallery/n50tx1,5,,1620197864.0
16,Often Edit | #Ronaldo,5,n4b5nz,ronaldo,https://v.redd.it/dz4uc8tdvzw61,0,,1620115300.0
17,Have you ever seen Messi's face in James Bond? ğŸ˜‚ğŸ¤¦â€â™‚ï¸,2,n1rt8y,ronaldo,https://youtu.be/-KOo_4JIMXA,0,,1619810780.0
18,Please support this mix I madeğŸ‘€ğŸ™ğŸ¾,6,n0posp,ronaldo,https://youtu.be/bVP4qIumb5o,0,,1619675271.0
19,"If Juve doesn't make it to top 4, what move do we expect from Ronaldo?",2,n0bpr6,ronaldo,https://www.reddit.com/r/ronaldo/comments/n0bpr6/if_juve_doesnt_make_it_to_top_4_what_move_do_we/,6,,1619634096.0
20,RONALDO,1,mz75nq,ronaldo,https://www.reddit.com/r/ronaldo/comments/mz75nq/ronaldo/,2,"RONALDO
ğŸ˜ğŸ‘ğŸ’ªğŸ’ªğŸ’ªâœŒï¸",1619497691.0
21,Ronaldo,1,mxhbmr,ronaldo,https://www.reddit.com/r/ronaldo/comments/mxhbmr/ronaldo/,0,Whatever you say CRISTANIO RONALDO is best. Like B E S T. So watching his match tomorrow.,1619289052.0
22,Motivation from Cristiano,2,mx5d9j,ronaldo,https://youtu.be/QXjmDpoKowA,1,,1619241561.0
23,Ronaldo ğŸ‘‡,2,mwzndm,ronaldo,https://youtu.be/k76pOJr2M10,0,,1619225483.0
24,Celebration video cr7 pesmobile,1,mvzhr9,ronaldo,https://v.redd.it/zaifo36reou61,0,,1619104877.0
25,Pesmobile cr7,1,mvzgcq,ronaldo,https://www.reddit.com/gallery/mvzgcq,0,,1619104690.0
26,Motivation from Cristiano Ronaldo,6,mvr68c,ronaldo,https://youtu.be/QXjmDpoKowA,0,,1619073037.0
27,Ronaldo AngryğŸ˜¡,3,mvbt5h,ronaldo,https://youtu.be/gvp3twDcDTo,1,,1619025444.0
28,"THANK YOU, CRISTIANO RONALDO Real Madrid//graciascristiano",1,mvaqtd,ronaldo,https://www.youtube.com/watch?v=EFFJxJuT5DE,0,,1619020110.0
29,"THANK YOU, CRISTIANO RONALDO Real Madrid//graciascristiano",4,muo0yr,ronaldo,https://i.redd.it/58xz2vzkabu61.png,1,,1618946038.0
30,"THANK YOU, CRISTIANO RONALDO Real Madrid//graciascristiano",1,muo0ed,ronaldo,https://www.youtube.com/channel/UCGYKCvpqVe4ndvuHCIN6AgA?sub_confirmation=1,0,,1618945966.0
31,CR top goals playlist,3,mtnua6,ronaldo,https://www.youtube.com/playlist?list=PL3hSWhVWtSroVuehaKcWHlaHn5uNlLe_w,0,,1618816242.0
32,And people say he's finished... smh,6,mmx0bn,ronaldo,https://youtu.be/nhElZ11QG0M,0,,1617932184.0
33,We won baby!!!!,0,mmhlq5,ronaldo,https://i.redd.it/iciopm6zxur61.jpg,0,,1617876383.0
34,RONALDO EPÄ°C GOALS ğŸ‘‡,3,mm9m7d,ronaldo,https://youtu.be/f7Q3Vx5OBso,0,,1617851773.0
35,Gol anulado de Ronaldo al Ãºltimo minuto --GoalooES,1,mj3b5x,ronaldo,https://www.reddit.com/r/ronaldo/comments/mj3b5x/gol_anulado_de_ronaldo_al_Ãºltimo_minuto_goalooes/,0,"El gol de Ãºltimo minuto de Cristiano no fue cobrado en Portugal vs Serbia y Ã©l arrojÃ³ la cinta de capitÃ¡n con rabia. Un bombero del estadio recogiÃ³ el brazalete y lo donÃ³ para subastarlo, lo cual salvÃ³ a un bebÃ© de 6 meses. El precio de subasta actual de su brazalete ha superado los 7.000 euros. #CristianoRonaldo #Futbol #Soccer # Ronaldo #Football #CR7 #GoalooES",1617461614.0
36,Cristiano Ronaldo Car Collection 2021,2,mhx9vm,ronaldo,https://ronaldostatus.com/cristiano-ronaldo-car-collection-2020/,2,,1617318372.0
37,"Incredibly, the price of Cristiano Ronaldo's captain's armband is rising",3,mhfh6l,ronaldo,https://onlinemagnews.com/price-cristiano-ronaldo-captains-armband-rising/,0,,1617252847.0
38,Luxembourg 1-3 Portugal: Ronaldo closer to breaks Daei's goal record,2,mhbxpf,ronaldo,https://iranpress.com/content/36600/luxembourg-1-3-portugal-ronaldo-closer-breaks-daei-goal-record,0,,1617242755.0
39,~30 minute free Cristiano Ronaldo documentary I made...welcome any feedback,3,mgmxs4,ronaldo,https://www.youtube.com/watch?v=VnQbD9yhSDM,0,,1617158660.0
40,Becoming The Best You | Cristiano Ronaldo Motivational Speech (Ronaldo Life Lessons Interviews),2,mewoyf,ronaldo,https://www.youtube.com/watch?v=Gd-_WoELfb8,0,,1616945024.0
41,"A child covered 1300km and arrived in Belgrade because of Cristiano Ronaldo, but was disappointed",3,med3t6,ronaldo,https://onlinemagnews.com/child-covered-1300km-because-of-ronaldo/,0,,1616877949.0
42,BELIEVE YOU ARE THE BEST-Cristiano Ronaldo (Motivational Video),5,me0abz,ronaldo,https://www.youtube.com/watch?v=Q38YhnuWBiA,0,,1616826938.0
43,Woodcarving Cristiano Ronaldo figure,6,mdpvcf,ronaldo,https://youtu.be/OCqnQvSD4Jc,0,,1616797703.0
44,Messi Annoyed by fans,3,mdl3kt,ronaldo,https://youtu.be/qTQK_gkwnik,0,,1616780892.0
45,Crowd,1,mdcfsd,ronaldo,https://www.reddit.com/r/ronaldo/comments/mdcfsd/crowd/,0,Does anyone else feel like having no crowd whilst ronaldo plays effects how he plays ?,1616747117.0
46,Juventus aren't letting Ronaldo go No entry sign ğŸš«,3,md0gl2,ronaldo,https://www.reddit.com/r/ronaldo/comments/md0gl2/juventus_arent_letting_ronaldo_go_no_entry_sign/,0,"&#x200B;

https://preview.redd.it/81l49056x6p61.jpg?width=1080&format=pjpg&auto=webp&s=06e4d7c1d324a7cfc03a08f5c10e04850dc31fd7",1616713858.0
47,Ronaldo | Haaland | Coutinho | Kane | Odegaard updates all given,1,mb9xx8,ronaldo,https://youtu.be/l8yoLZgbP04,0,,1616516423.0
48,770 GOALS âš½ğŸ”¥ FOR CRISTIANO RONALDO | ALL TIME RECORD!,2,m8kmvs,ronaldo,https://www.reddit.com/r/ronaldo/comments/m8kmvs/770_goals_for_cristiano_ronaldo_all_time_record/,0,"Cristiano Ronaldo All 770 Career Goals (until March 14, 2021). Cristiano Ronaldo Claims 'Worldâ€™s Top Scorer' Award From Pele. The Juventus superstar netted a perfect hat-trick against Cagliari on Sunday in a 3-1 win to take his career tally to 770 goals. Brazilian legend Pele is officially listed as having scored 757 goals in his career, but his disputed record stands at 767.

Watch all 770 goals: [https://youtu.be/WURnDao\_KHo](https://youtu.be/WURnDao_KHo)

https://preview.redd.it/qj666chftzn61.jpg?width=1280&format=pjpg&auto=webp&s=ad3d5a6ca77ff53cb5dca102f5daf081d2de4c6f",1616198974.0
49,Free Fire FFCS Redeem Code: How To Claim FFCS Rewards In massag box,0,m660zv,ronaldo,https://www.talkesport.com/guides/garena-free-fire-redeem-code-ffcs/,0,,1615919492.0
50,Cristiano Ronaldo| funny life| family |2021,4,m5ukg9,ronaldo,https://youtube.com/watch?v=evvusJ6_oWA&feature=share,0,,1615870308.0
51,Cristiano Ronaldo Breaks Silence Following Champions League exit,3,m4xm8h,ronaldo,https://www.reddit.com/r/ronaldo/comments/m4xm8h/cristiano_ronaldo_breaks_silence_following/,0," After days of silence t in his latest Instagram post, he affirmed his commitment to Juventus insisting that he is focused on achieving the clubâ€™s goals for the rest of the season despite their exit from the Champions League. 

 More: [http://sportsmag360.com/cristiano-ronaldo-breaks-silence-following-champions-league-exit/](http://sportsmag360.com/cristiano-ronaldo-breaks-silence-following-champions-league-exit/) 

https://preview.redd.it/9gctze2ti0n61.jpg?width=2500&format=pjpg&auto=webp&s=3c01bca8aa7bf5d1a50a94be3d3533a52496381f",1615765973.0
52,Cristiano Ronaldoâ€™s Juventus crashed out of the UEFA Champions League,2,m1te6a,ronaldo,https://www.reddit.com/r/ronaldo/comments/m1te6a/cristiano_ronaldos_juventus_crashed_out_of_the/,2,"[Cristiano Ronaldoâ€™s Juventus crashed out of the UEFA Champions League last](http://sportsmag360.com/juventus-juventus-knocked-out-of-champions-league-by-porto/) 16 after losing to 10-man Porto on away goals despite winning 3-2 in Turin. Juventus exited the UCL from the first knockout stage for the second year running after being knocked out by Lyon last year on away goals from this same stage. 

For Full Story:

[http://sportsmag360.com/juventus-juventus-knocked-out-of-champions-league-by-porto/](http://sportsmag360.com/juventus-juventus-knocked-out-of-champions-league-by-porto/)",1615395853.0
53,HEâ€™S FINISHED,0,m1j8v6,ronaldo,https://www.reddit.com/r/ronaldo/comments/m1j8v6/hes_finished/,17,"Time to shut the sub down bois, the man sucks now.",1615360730.0
54,When cristiano Ronaldo returned to old Trafford ğŸğŸ™Œ,5,m0wj6l,ronaldo,https://youtu.be/ICzL0DYZ154,2,,1615285459.0
55,My digital Ronaldo painting,11,m0fhal,ronaldo,https://i.redd.it/mqx48fhg1tl61.jpg,1,,1615238252.0
56,Best Cr7 moments in 2021,5,m00vy3,ronaldo,https://www.youtube.com/watch?v=2osNT79DmhI,0,,1615183562.0
57,Cristiano Ronaldo records during 600th league game,4,lx149j,ronaldo,https://youtube.com/watch?v=Yk6kQ6xGLDY&feature=share,0,,1614825756.0
58,|Give respect and get respect| CR 07| legend,4,lwuxec,ronaldo,https://youtube.com/watch?v=URn5UyJ_sag&feature=share,0,,1614809894.0
59,Statman Dave & Stephen Tries new Ronaldo Podcast,2,lvzisi,ronaldo,https://www.reddit.com/r/ronaldo/comments/lvzisi/statman_dave_stephen_tries_new_ronaldo_podcast/,0,I've got a new podcast that needs to do better numbers than Messi's next week - would love any help,1614711762.0
60,|BEST GOAL EVER| SECOND LEG|2021|,3,ltrhmd,ronaldo,https://youtube.com/watch?v=Hb24hnzVgHE&feature=share,0,,1614471685.0
61,CONGRATS TO THE GOATğŸğŸ’¯.110 GOALS SOON. ANOTHER RECORD LOADING......,45,ipbls4,ronaldo,https://i.redd.it/sdvh6v5it2m51.png,1,,1599666116.0
62,Cristiano Ronaldo scolded and mandated to wear a mask,8,iooi3j,ronaldo,https://youtu.be/M5ULnPUwfoo,0,,1599574677.0
63,Remembering just how great Cristiano Ronaldo's career has been,4,in2wl6,ronaldo,https://www.reddit.com/r/ronaldo/comments/in2wl6/remembering_just_how_great_cristiano_ronaldos/,0,"After realizing how there really weren't any good Ronaldo documentaries on youtube I decided to make it a mission to make the best one I possible could, and after 100+ hours of writing, editing and ofc fighting of copyright issues I think I might have really done something here. I think I've truly showcased how phenomenal Cristiano's story is, if any of you would be willing to watch it, either out of curiosity for what kind of work an average person can pull off in this terms of just because you've followed his career for long and wanna go on a nostalgia trip, this really would mean the world to me, thanks to everyone who will click, heres the link:

[https://www.youtube.com/watch?v=0XTy9NgSTYE](https://www.youtube.com/watch?v=0XTy9NgSTYE)

&#x200B;

https://preview.redd.it/bq2arggwjcl51.jpg?width=1280&format=pjpg&auto=webp&s=2cde195bb8c61b569b13cbb97f161936f0aeb78f",1599348111.0
64,CRISTIANO RONALDO Best Motivational Speech Video 2020 | I AM THE BEST,3,iksv37,ronaldo,https://www.reddit.com/r/ronaldo/comments/iksv37/cristiano_ronaldo_best_motivational_speech_video/,0,"[Here](https://youtu.be/q4c_NHfRMNk) is the best Ronaldo's motivational speech video ever. You should never ever think small of yourself. Everything is achievable. Almost every successful person has come from the dirt so can you. Don't let laziness or obstacles get in your way. Learn how to avoid them, make mistakes, learn from them and never make them again. Go for it and you will achieve it no matter what :)",1599023012.0
65,Signed ğŸ’™,8,ike6os,ronaldo,https://youtu.be/NYRCng9Wo-E,0,,1598965254.0
66,"Chapter 3: Ronaldo, Real Madrid and Messi. Watch full here: https://youtu.be/PLtNhBnoku4",5,iizv89,ronaldo,https://v.redd.it/x83heug070k51,0,,1598762751.0
67,CR7 BACK IN TRAINING,13,igwcfd,ronaldo,https://i.redd.it/q6o8il2gpbj51.jpg,0,,1598466170.0
68,Ronaldo,4,igjv8u,ronaldo,https://i.redd.it/ul6gc5yp47j51.jpg,0,,1598414563.0
69,Player Profile: The story of Cristiano Ronaldo (CR7) #football #juventus #realmadrid #manutd,5,ig8mx4,ronaldo,https://youtu.be/PLtNhBnoku4,0,,1598375498.0
70,"Cristiano Ronaldo - Against The World Compilation - [SKILLS, GOALS, ASSISTS]",5,id83w4,ronaldo,https://youtu.be/BLTfcZBs6bA,1,,1597949643.0
71,Cristiano Ronaldo! His best photos!,3,ico71k,ronaldo,https://youtu.be/WJwlyVszwrU,0,,1597874559.0
72,Cristiano Ronaldo All 31 Goals 2019/20 for Juventus,3,ick9j2,ronaldo,https://www.youtube.com/watch?v=vgyuEn5IIfE,0,,1597857181.0
73,"Cristiano Ronaldo has been offered to Barcelona, according to Guillem Balague.",2,i8ysyb,ronaldo,https://th3sport24.com/2020/08/13/cristiano-ronaldo-has-been-offered-to-barcelona/,3,,1597349625.0
74,One man can only do so much. So proud of how Cristiano played this evening. ğŸ,10,i5m6tx,ronaldo,https://i.redd.it/za5xygw2bnf51.jpg,2,,1596863363.0
75,Ronaldo Training ahead of champions league game,3,i5159b,ronaldo,https://youtu.be/fu-1SlApIkg,0,,1596779678.0
76,CANADIAN HOCKEY FAN Reacts to CRISTIANO RONALDO Top 20 Goals || His Leg ...,2,i2e5ip,ronaldo,https://www.youtube.com/watch?v=0nvDA1tKHsc&feature=share,2,,1596411956.0
77,How Neymar and Ronaldo looks in one! faceapp,1,i0wsqx,ronaldo,https://youtu.be/J51hKWDdTSE,0,,1596180858.0
78,Congratulations to Cristiano Ronaldo & Juventus on winning the Serie A title tonight! ğŸ†,6,hyfq04,ronaldo,https://i.redd.it/al9yo2g8x9d51.jpg,0,,1595829491.0
79,Ronaldo's net worth in 2020 ğŸ˜µğŸ”¥,3,hw8kax,ronaldo,https://youtu.be/O26r3X3HJF8,0,,1595504311.0
80,Cristiano Ronaldo vs Lazio 2-1,3,huw884,ronaldo,https://www.youtube.com/watch?v=RU3uHDRHHr4,0,,1595316071.0
81,Top 100 Goals by Cristiano Ronaldo | Highlights of Best Goals of CR7 2020 | Football Companion,3,hpkl9h,ronaldo,https://www.youtube.com/watch?v=VRlET3p88PI,1,,1594540630.0
82,Best Ever Cristinao Ronaldo Goals 2020 | Ronaldo at his Best | Football Companion,6,houx7q,ronaldo,https://www.youtube.com/watch?v=1wZoyQoTSCs,0,,1594436484.0
83,Check this video and tell me if is good.,2,hot13l,ronaldo,https://www.youtube.com/watch?v=VwVqawrOkYQ,0,,1594430514.0
84,Cristiano Ronaldo Workout (Follow Along) | How CR7 is keeping fit,1,hoplgl,ronaldo,https://youtu.be/wN5JIMR_Mbo,0,,1594419029.0
85,Check this out,3,hnhiim,ronaldo,https://youtu.be/CV2Ik_w4_PI,0,,1594245473.0
86,Juventus vs AC Milan All GĞ¾als & ExtĞµndĞµd Highlights - 2020,3,hn7okw,ronaldo,https://www.youtube.com/watch?v=RyO954FMRCM,0,,1594200527.0
87,YouTube,2,hn6m4c,ronaldo,https://www.youtube.com/watch?v=NKWetDZaUoo,0,,1594196514.0
88,CR7,3,hm92ts,ronaldo,https://www.youtube.com/watch?v=tBbW-kgIAvU,0,,1594076024.0
89,For all the Ronaldo fans,5,hm4plj,ronaldo,https://youtu.be/kqnr4DfPazg,0,,1594057652.0
90,I tried making the statue a little more realistic..,2,hm0aee,ronaldo,https://i.redd.it/zp48oatuq5951.jpg,0,,1594035526.0
91,Ronaldo scores a sensational free kick. Became first player ever to have scored 25+ league goals in 3 different leagues. ğŸ,5,hla50s,ronaldo,https://youtu.be/ZDMYINfRvTM,0,,1593923491.0
92,#ronoldofan,2,hkwbea,ronaldo,https://v.redd.it/b525d98ibr851,0,,1593860893.0
93,Juventus Vs Torino All Goals & Foothball Highlights Seria A 2020,4,hkj3mj,ronaldo,https://www.youtube.com/watch?v=2qi_f7H2e9c,0,,1593811897.0
94,Cristiano Ronaldo Adds Another Screamer To His Goals Collection | Genoa 1-3 Juventus | Top Moment | Serie A TIM,3,hj8s62,ronaldo,https://www.youtube.com/watch?v=niN8AE2OwjM,0,,1593633328.0
95,Wide Footballers Walking,3,hgst71,ronaldo,https://youtu.be/po1NqOgoxbE,0,,1593290283.0
96,Just made it. Turn on you headphone.,7,hfavgs,ronaldo,https://v.redd.it/d1njjmmjox651,0,,1593066218.0
97,Is PelÃ© a Fraud???,3,hfatks,ronaldo,https://youtu.be/fCfzzNerkqk,0,,1593066042.0
98,ÙƒØ±ÙŠØ³ØªÙŠØ§Ù†Ùˆ Ø±ÙˆÙ†Ø§Ù„Ø¯Ùˆ Ø£ÙˆÙ„ Ù…Ù„ÙŠØ§Ø±Ø¯ÙŠØ± ÙÙŠ ØªØ§Ø±ÙŠØ® ÙƒØ±Ø© Ø§Ù„Ù‚Ø¯Ù… / Ø«Ø±ÙˆØ© ÙƒØ±ÙŠØ³ØªÙŠØ§Ù†Ùˆ Ø±ÙˆÙ†Ø§Ù„Ø¯Ùˆ Ù¢Ù Ù¢Ù ,3,hcjdz6,ronaldo,https://youtu.be/8FKRSy-NAtI,0,,1592674780.0
99,Accent,1,hceh42,ronaldo,https://www.reddit.com/r/ronaldo/comments/hceh42/accent/,0,"Which is the funniest!

[View Poll](https://www.reddit.com/poll/hceh42)",1592650547.0
